NC_038232.1	NC_038232.1
NC_029853.1	NC_029853.1
NC_029852.1	NC_029852.1
NC_029997.2	NC_029997.2
NC_029936.1	NC_029936.1
NC_037614.1	NC_037614.1
NC_037589.1	NC_037589.1
NC_037584.1	NC_037584.1
NC_030160.1	NC_030160.1
NC_030161.1	NC_030161.1
NC_030162.1	NC_030162.1
NC_030153.1	NC_030153.1
NC_030155.1	NC_030155.1
NC_030205.1	NC_030205.1
NC_018093.1	NC_018093.1
NC_030238.1	NC_030238.1
NC_023310.1	NC_023310.1
NC_027199.1	NC_027199.1
NC_027117.1	NC_027117.1
NC_027131.1	NC_027131.1
NC_027139.1	NC_027139.1
NC_027428.1	NC_027428.1
NC_027551.1	NC_027551.1
NC_027548.1	NC_027548.1
NC_027564.1	NC_027564.1
NC_027527.1	NC_027527.1
NC_027533.1	NC_027533.1
NC_027540.1	NC_027540.1
NC_027543.1	NC_027543.1
NC_027545.1	NC_027545.1
NC_027546.1	NC_027546.1
NC_027637.1	NC_027637.1
NC_027714.1	NC_027714.1
NC_027711.1	NC_027711.1
NC_027703.1	NC_027703.1
NC_027804.1	NC_027804.1
NC_027779.1	NC_027779.1
NC_027924.1	NC_027924.1
NC_027922.1	NC_027922.1
NC_028046.1	NC_028046.1
NC_028115.1	NC_028115.1
NC_028129.1	NC_028129.1
NC_028129.1	NC_001896.1
NC_028119.1	NC_028119.1
NC_028132.1	NC_028132.1
NC_028371.1	NC_028371.1
NC_028363.1	NC_028363.1
NC_028375.1	NC_028375.1
NC_028384.1	NC_028384.1
NC_028402.1	NC_028402.1
NC_028140.1	NC_028140.1
NC_028249.1	NC_028249.1
NC_028266.1	NC_028266.1
NC_028486.1	NC_028486.1
NC_028483.1	NC_028483.1
NC_028462.1	NC_028462.1
NC_037574.1	NC_037574.1
NC_029123.1	NC_029123.1
NC_029124.1	NC_029124.1
NC_028989.1	NC_028989.1
NC_029132.1	NC_029132.1
NC_029117.1	NC_029117.1
NC_029105.1	NC_029105.1
NC_029125.1	NC_029125.1
NC_029089.1	NC_029089.1
NC_029063.1	NC_029063.1
NC_029303.1	NC_029303.1
NC_029302.1	NC_029302.1
NC_023422.1	NC_023422.1
NC_033791.1	NC_033791.1
NC_033782.1	NC_033782.1
NC_033708.1	NC_033708.1
NC_033774.1	NC_033774.1
NC_033743.1	NC_033743.1
NC_033739.1	NC_033739.1
NC_033738.1	NC_033738.1
NC_018105.1	NC_018105.1
NC_033830.1	NC_033830.1
NC_018138.1	NC_018138.1
NC_018404.1	NC_018404.1
NC_018384.1	NC_018384.1
NC_034246.1	NC_034246.1
NC_034250.1	NC_034250.1
NC_034252.1	NC_034252.1
NC_034384.1	NC_034384.1
NC_023427.1	NC_023427.1
NC_030378.1	NC_030378.1
NC_023442.1	NC_023442.1
NC_030396.1	NC_030396.1
NC_030462.1	NC_030462.1
NC_030658.1	NC_030658.1
NC_030749.1	NC_030749.1
NC_030793.1	NC_030793.1
NC_030797.1	NC_030797.1
NC_030794.1	NC_030794.1
NC_030839.1	NC_030839.1
NC_030882.1	NC_030882.1
NC_031142.1	NC_031142.1
NC_031225.1	NC_031225.1
NC_031295.1	NC_031295.1
NC_031276.1	NC_031276.1
NC_031316.1	NC_031316.1
NC_031314.1	NC_031314.1
NC_031326.1	NC_031326.1
NC_031462.1	NC_031462.1
NC_031758.1	NC_031758.1
NC_031765.1	NC_031765.1
NC_031761.1	NC_031761.1
NC_033737.1	NC_033737.1
NC_032006.1	NC_032006.1
NC_032120.1	NC_032120.1
NC_032150.2	NC_032150.2
NC_032130.1	NC_032130.1
NC_032140.1	NC_032140.1
NC_032142.1	NC_032142.1
NC_023485.1	NC_023485.1
NC_023488.1	NC_023488.1
NC_023489.1	NC_023489.1
NC_023493.1	NC_023493.1
NC_032125.1	NC_032125.1
NC_032726.1	NC_032726.1
NC_032180.1	NC_032180.1
NC_032263.1	NC_032263.1
NC_032256.1	NC_032256.1
NC_032257.1	NC_032257.1
NC_032276.1	NC_032276.1
NC_032279.1	NC_032279.1
NC_032280.1	NC_032280.1
NC_032232.1	NC_032232.1
NC_032237.1	NC_032237.1
NC_032181.1	NC_032181.1
NC_032404.1	NC_032404.1
NC_032520.1	NC_032520.1
NC_032490.1	NC_032490.1
NC_032407.1	NC_032407.1
NC_032449.1	NC_032449.1
NC_032455.1	NC_032455.1
NC_032460.1	NC_032460.1
NC_032512.1	NC_032512.1
NC_032529.1	NC_032529.1
NC_032625.1	NC_032625.1
NC_032635.1	NC_032635.1
NC_032568.1	NC_032568.1
NC_032647.1	NC_032647.1
NC_032645.1	NC_032645.1
NC_033219.1	NC_033219.1
NC_033256.1	NC_033256.1
NC_032743.1	NC_032743.1
NC_033278.1	NC_033278.1
NC_033088.1	NC_033088.1
NC_033240.1	NC_033240.1
NC_033012.1	NC_033012.1
NC_033115.1	NC_033115.1
NC_032851.1	NC_032851.1
NC_032876.1	NC_032876.1
NC_032809.1	NC_032809.1
NC_033262.1	NC_033262.1
NC_033185.1	NC_033185.1
NC_032805.1	NC_032805.1
NC_032903.1	NC_032903.1
NC_033202.1	NC_033202.1
NC_032737.1	NC_032737.1
NC_033052.1	NC_033052.1
NC_032887.1	NC_032887.1
NC_032916.1	NC_032916.1
NC_033025.1	NC_033025.1
NC_033494.1	NC_033494.1
NC_033468.1	NC_033468.1
NC_033482.1	NC_033482.1
NC_033487.1	NC_033487.1
NC_033554.1	NC_033554.1
NC_036607.1	NC_036607.1
NC_036603.1	NC_036603.1
NC_036585.1	NC_036585.1
NC_036604.1	NC_036604.1
NC_036597.1	NC_036597.1
NC_036599.1	NC_036599.1
NC_018505.1	NC_018505.1
NC_036619.1	NC_036619.1
NC_018519.1	NC_018519.1
NC_036803.1	NC_036803.1
NC_036877.1	NC_036877.1
NC_037056.1	NC_037056.1
NC_037053.1	NC_037053.1
NC_037059.1	NC_037059.1
NC_037061.1	NC_037061.1
NC_018616.1	NC_018616.1
NC_034556.1	NC_034556.1
NC_034394.1	NC_034394.1
NC_034407.1	NC_034407.1
NC_034483.1	NC_034483.1
NC_034567.1	NC_034567.1
NC_034633.1	NC_034633.1
NC_015298.1	NC_015298.1
NC_034972.1	NC_034972.1
NC_034978.1	NC_034978.1
NC_034970.1	NC_034970.1
NC_035185.1	NC_035185.1
NC_035210.1	NC_035210.1
NC_035196.1	NC_035196.1
NC_035194.1	NC_035194.1
NC_035201.1	NC_035201.1
NC_035220.1	NC_035220.1
NC_035208.1	NC_035208.1
NC_023635.1	NC_023635.1
NC_035674.1	NC_035674.1
NC_035676.1	NC_035676.1
NC_035488.1	NC_035488.1
NC_035472.1	NC_035472.1
NC_023761.1	NC_023761.1
NC_036390.1	NC_036390.1
NC_018711.1	NC_018711.1
NC_018718.1	NC_018718.1
NC_018858.1	NC_018858.1
NC_023821.1	NC_023821.1
NC_023822.1	NC_023822.1
NC_023844.1	NC_023844.1
NC_023845.1	NC_023845.1
NC_023868.1	NC_023868.1
NC_023886.1	NC_023886.1
NC_023887.1	NC_023887.1
NC_023891.1	NC_023891.1
NC_023893.1	NC_023893.1
NC_037655.1	NC_037655.1
NC_024013.1	NC_024013.1
NC_024017.1	NC_024017.1
NC_024078.1	NC_024078.1
NC_024077.1	NC_024077.1
NC_019493.1	NC_019493.1
NC_019494.1	NC_019494.1
NC_019568.1	NC_019568.1
NC_024111.1	NC_024111.1
NC_024114.1	NC_024114.1
NC_034163.1	NC_034163.1
NC_034171.1	NC_034171.1
NC_034172.1	NC_034172.1
NC_024151.1	NC_024151.1
NC_019844.1	NC_019844.1
NC_019944.1	NC_019944.1
NC_024301.1	NC_024301.1
NC_024298.1	NC_024298.1
NC_020103.1	NC_020103.1
NC_020252.1	NC_020252.1
NC_024444.1	NC_024444.1
NC_024445.1	NC_024445.1
NC_024445.1	NC_074954.1
NC_024443.1	NC_024443.1
NC_024443.1	NC_074953.1
NC_024453.2	NC_024453.2
NC_020446.1	NC_020446.1
NC_020443.1	NC_020443.1
NC_020445.1	NC_020445.1
NC_020470.1	NC_020470.1
NC_024482.1	NC_024482.1
NC_024492.1	NC_024492.1
NC_024503.1	NC_024503.1
NC_024508.1	NC_024508.1
NC_024505.1	NC_024505.1
NC_024498.1	NC_024498.1
NC_024685.1	NC_024685.1
NC_024696.1	NC_024696.1
NC_020881.1	NC_020881.1
NC_020999.1	NC_020999.1
NC_024766.1	NC_024766.1
NC_024776.1	NC_024776.1
NC_021098.1	NC_021098.1
NC_021244.1	NC_021244.1
NC_024807.1	NC_024807.1
NC_024890.1	NC_024890.1
NC_021562.1	NC_021562.1
NC_021568.1	NC_021568.1
NC_021541.1	NC_021541.1
NC_021547.1	NC_021547.1
NC_021551.1	NC_021551.1
NC_021635.1	NC_021635.1
NC_021706.1	NC_021706.1
NC_021735.1	NC_021735.1
NC_025266.1	NC_025266.1
NC_025340.1	NC_025340.1
NC_025373.1	NC_025373.1
NC_025376.1	NC_025376.1
NC_025382.1	NC_025382.1
NC_022365.1	NC_022365.1
NC_025432.1	NC_025432.1
NC_025478.1	NC_025478.1
NC_025482.1	NC_025482.1
NC_025485.1	NC_025485.1
NC_022517.1	NC_022517.1
NC_022518.1	NC_022518.1
NC_025682.1	NC_025682.1
NC_025683.1	NC_025683.1
NC_025716.1	NC_025716.1
NC_025715.1	NC_025715.1
NC_025802.1	NC_025802.1
NC_025831.1	NC_025831.1
NC_025832.1	NC_025832.1
NC_025843.1	NC_025843.1
NC_025850.1	NC_025850.1
NC_025898.1	NC_025898.1
NC_025896.1	NC_025896.1
NC_025959.1	NC_025959.1
NC_026020.2	NC_026020.2
NC_026140.1	NC_026140.1
NC_026187.1	NC_026187.1
NC_022556.1	NC_022556.1
NC_022559.1	NC_022559.1
NC_022561.1	NC_022561.1
NC_026241.1	NC_026241.1
NC_026238.1	NC_026238.1
NC_026240.1	NC_026240.1
NC_026270.1	NC_026270.1
NC_026272.1	NC_026272.1
NC_022597.1	NC_022597.1
NC_022617.1	NC_022617.1
NC_022623.1	NC_022623.1
NC_026472.1	NC_026472.1
NC_026514.1	NC_026514.1
NC_022802.1	NC_022802.1
NC_026615.1	NC_026615.1
NC_026631.1	NC_026631.1
NC_026626.1	NC_026626.1
NC_026648.1	NC_026648.1
NC_026642.1	NC_026642.1
NC_026637.1	NC_026637.1
NC_026650.1	NC_026650.1
NC_026633.1	NC_026633.1
NC_026628.1	NC_026628.1
NC_026662.1	NC_026662.1
NC_026770.1	NC_026770.1
NC_022897.1	NC_022897.1
NC_023016.1	NC_023016.1
NC_023020.1	NC_023020.1
NC_026820.2	NC_026820.2
NC_026819.1	NC_026819.1
NC_026809.1	NC_026809.1
NC_026810.1	NC_026810.1
NC_026808.1	NC_026808.1
NC_023034.1	NC_023034.1
NC_023040.1	NC_023040.1
NC_023040.1	NC_038011.1
NC_023043.1	NC_023043.1
NC_023041.1	NC_023041.1
NC_023153.1	NC_023153.1
NC_023157.1	NC_023157.1
NC_017859.1	NC_017859.1
NC_007923.1	NC_007923.1
NC_012869.1	NC_012869.1
NC_008017.1	NC_008017.1
NC_015396.1	NC_015396.1
NC_005990.1	NC_005990.1
NC_003624.1	NC_003624.1
NC_007591.1	NC_007591.1
NC_003570.1	NC_003570.1
NC_001408.1	NC_001408.1
NC_003382.1	NC_003382.1
NC_009944.1	NC_009944.1
NC_009945.1	NC_009945.1
NC_003620.1	NC_003620.1
NC_010744.1	NC_010744.1
NC_005238.1	NC_005238.1
NC_001355.1	NC_001355.1
NC_007163.1	NC_007163.1
NC_003093.1	NC_003093.1
NC_003092.2	NC_003092.2
NC_008737.1	NC_008737.1
NC_007922.1	NC_007922.1
NC_006272.1	NC_006272.1
NC_014967.1	NC_014967.1
NC_009247.1	NC_009247.1
NC_006655.1	NC_006655.1
NC_014665.1	NC_014665.1
NC_014071.1	NC_014071.1
NC_003652.1	NC_003652.1
NC_003653.1	NC_003653.1
NC_008018.1	NC_008018.1
NC_008020.1	NC_008020.1
NC_006659.1	NC_006659.1
NC_003654.1	NC_003654.1
NC_003658.1	NC_003658.1
NC_003830.1	NC_003830.1
NC_001500.1	NC_001500.1
NC_001506.1	NC_001506.1
NC_001506.1	NC_038858.1
NC_001885.3	NC_001885.3
NC_006955.1	NC_006955.1
NC_006631.1	NC_006631.1
NC_003831.1	NC_003831.1
NC_003770.1	NC_003770.1
NC_006022.1	NC_006022.1
NC_003876.1	NC_003876.1
NC_003883.1	NC_003883.1
NC_003381.1	NC_003381.1
NC_009889.1	NC_009889.1
NC_014716.1	NC_014716.1
NC_004201.1	NC_004201.1
NC_001442.1	NC_001442.1
NC_013262.1	NC_013262.1
NC_008894.1	NC_008894.1
NC_011591.1	NC_011591.1
NC_008912.1	NC_008912.1
NC_009424.5	NC_009424.5
NC_013076.1	NC_013076.1
NC_007211.1	NC_007211.1
NC_009539.1	NC_009539.1
NC_026431.1	NC_026431.1
NC_008375.1	NC_008375.1
NC_009010.1	NC_009010.1
NC_008586.1	NC_008586.1
NC_017830.1	NC_017830.1
NC_017826.1	NC_017826.1
NC_003463.1	NC_003463.1
NC_010251.1	NC_010251.1
NC_010256.1	NC_010256.1
NC_015655.1	NC_015655.1
NC_026434.1	NC_026434.1
NC_010247.1	NC_010247.1
NC_001414.1	NC_001414.1
NC_003012.1	NC_003012.1
NC_002323.1	NC_002323.1
NC_007724.1	NC_007724.1
NC_008874.1	NC_008874.1
NC_003971.1	NC_003971.1
NC_008903.1	NC_008903.1
NC_011502.2	NC_011502.2
NC_012639.1	NC_012639.1
NC_007290.1	NC_007290.1
NC_003498.1	NC_003498.1
NC_003554.1	NC_003554.1
NC_004581.1	NC_004581.1
NC_001341.1	NC_001341.1
NC_002027.1	NC_002027.1
NC_008176.1	NC_008176.1
NC_006934.1	NC_006934.1
NC_006934.1	NC_043196.1
NC_001502.1	NC_001502.1
NC_003788.1	NC_003788.1
NC_001634.1	NC_001634.1
NC_012538.1	NC_012538.1
NC_012539.1	NC_012539.1
NC_001343.1	NC_001343.1
NC_011765.1	NC_011765.1
NC_003842.1	NC_003842.1
NC_003751.1	NC_003751.1
NC_010759.1	NC_010759.1
NC_001488.1	NC_001488.1
NC_010490.1	NC_010490.1
NC_010737.1	NC_010737.1
NC_010738.1	NC_010738.1
NC_012482.1	NC_012482.1
NC_011345.1	NC_011345.1
NC_003622.1	NC_003622.1
NC_007619.1	NC_007619.1
NC_007659.1	NC_007659.1
NC_004014.1	NC_004014.1
NC_004824.1	NC_004824.1
NC_004039.1	NC_004039.1
NC_007668.1	NC_007668.1
NC_011506.2	NC_011506.2
NC_011509.2	NC_011509.2
NC_001486.1	NC_001486.1
NC_007747.1	NC_007747.1
NC_008171.1	NC_008171.1
NC_003805.1	NC_003805.1
NC_011510.2	NC_011510.2
NC_007040.1	NC_007040.1
NC_013455.1	NC_013455.1
NC_010754.1	NC_010754.1
NC_012485.1	NC_012485.1
NC_007369.1	NC_007369.1
NC_008184.1	NC_008184.1
NC_004071.1	NC_004071.1
NC_003857.1	NC_003857.1
NC_001407.1	NC_001407.1
NC_004007.1	NC_004007.1
NC_002700.2	NC_002700.2
NC_001815.1	NC_001815.1
NC_004186.1	NC_004186.1
NC_004212.1	NC_004212.1
NC_004558.1	NC_004558.1
NC_004450.1	NC_004450.1
NC_002561.1	NC_002561.1
NC_003841.1	NC_003841.1
NC_009450.1	NC_009450.1
NC_001549.1	NC_001549.1
NC_006020.1	NC_006020.1
NC_001278.1	NC_001278.1
NC_013110.1	NC_013110.1
NC_011052.2	NC_011052.2
NC_007585.1	NC_007585.1
NC_001574.1	NC_001574.1
NC_008374.1	NC_008374.1
NC_003673.1	NC_003673.1
NC_013133.1	NC_013133.1
NC_001981.1	NC_001981.1
NC_001792.2	NC_001792.2
NC_001484.1	NC_001484.1
NC_014518.1	NC_014518.1
NC_015784.2	NC_015784.2
NC_014525.1	NC_014525.1
NC_001403.1	NC_001403.1
NC_003378.1	NC_003378.1
NC_002201.1	NC_002201.1
NC_003471.1	NC_003471.1
NC_003612.1	NC_003612.1
NC_003783.1	NC_003783.1
NC_012698.2	NC_012698.2
NC_007815.2	NC_007815.2
NC_005947.1	NC_005947.1
NC_005283.1	NC_005283.1
NC_003983.1	NC_003983.1
NC_005285.1	NC_005285.1
NC_009562.1	NC_009562.1
NC_004068.1	NC_004068.1
NC_009520.1	NC_009520.1
NC_008180.1	NC_008180.1
NC_002817.1	NC_002817.1
NC_001458.1	NC_001458.1
NC_003375.1	NC_003375.1
NC_003702.1	NC_003702.1
NC_001648.1	NC_001648.1
NC_005029.1	NC_005029.1
NC_003059.1	NC_003059.1
NC_003665.1	NC_003665.1
NC_003023.1	NC_003023.1
NC_008514.1	NC_008514.1
NC_010706.1	NC_010706.1
NC_001702.1	NC_001702.1
NC_001402.1	NC_001402.1
NC_001420.2	NC_001420.2
NC_003847.1	NC_003847.1
NC_004995.1	NC_004995.1
NC_008970.1	NC_008970.1
NC_011592.1	NC_011592.1
NC_000874.1	NC_000874.1
NC_013020.1	NC_013020.1
NC_004765.1	NC_004765.1
NC_001618.1	NC_001618.1
NC_001497.2	NC_001497.2
NC_002195.1	NC_002195.1
NC_012777.1	NC_012777.1
NC_001822.1	NC_001822.1
NC_004642.1	NC_004642.1
NC_001344.1	NC_001344.1
NC_001722.1	NC_001722.1
NC_007159.1	NC_007159.1
NC_004441.1	NC_004441.1
NC_010955.1	NC_010955.1
NC_001350.1	NC_001350.1
NC_006260.1	NC_006260.1
NC_008928.1	NC_008928.1
NC_014474.1	NC_014474.1
NC_001452.1	NC_001452.1
NC_004540.1	NC_004540.1
NC_007341.1	NC_007341.1
NC_004725.1	NC_004725.1
NC_007587.1	NC_007587.1
NC_004994.2	NC_004994.2
NC_004455.1	NC_004455.1
NC_010343.1	NC_010343.1
NC_006262.1	NC_006262.1
NC_002800.1	NC_002800.1
NC_004367.1	NC_004367.1
NC_009890.1	NC_009890.1
NC_001552.1	NC_001552.1
NC_001739.2	NC_001739.2
NC_015886.1	NC_015886.1
NC_001831.1	NC_001831.1
NC_011559.1	NC_011559.1
NC_001501.1	NC_001501.1
NC_005845.1	NC_005845.1
NC_007535.1	NC_007535.1
NC_001940.1	NC_001940.1
NC_011546.1	NC_011546.1
NC_000898.1	NC_000898.1
NC_001839.2	NC_001839.2
NC_001576.1	NC_001576.1
NC_001586.1	NC_001586.1
NC_017685.1	NC_017685.1
NC_003755.1	NC_003755.1
NC_005261.3	NC_005261.3
NC_003474.1	NC_003474.1
NC_001362.1	NC_001362.1
NC_003838.1	NC_003838.1
NC_015495.1	NC_015495.1
NC_015045.1	NC_015045.1
NC_007966.1	NC_007966.1
NC_005338.2	NC_005338.2
NC_015328.1	NC_015328.1
NC_013097.1	NC_013097.1
NC_004107.1	NC_004107.1
NC_010797.1	NC_010797.1
NC_004583.1	NC_004583.1
NC_001495.1	NC_001495.1
NC_004052.1	NC_004052.1
NC_007667.1	NC_007667.1
NC_001413.1	NC_001413.1
NC_008032.1	NC_008032.1
NC_006429.1	NC_006429.1
NC_001973.1	NC_001973.1
NC_013226.1	NC_013226.1
NC_013227.1	NC_013227.1
NC_013439.1	NC_013439.1
NC_001503.1	NC_001503.1
AC_000010.1	AC_000010.1
NC_038512.1	NC_038512.1
NC_038521.1	NC_038521.1
NC_038522.1	NC_038522.1
NC_038562.1	NC_038562.1
NC_038570.1	NC_038570.1
NC_038615.1	NC_038615.1
NC_038620.1	NC_038620.1
NC_038632.1	NC_038632.1
NC_038645.1	NC_038645.1
NC_038648.1	NC_038648.1
NC_038658.1	NC_038658.1
NC_038665.1	NC_038665.1
NC_038667.1	NC_038667.1
NC_038668.1	NC_038668.1
NC_038669.1	NC_038669.1
NC_038675.1	NC_038675.1
NC_038733.1	NC_038733.1
NC_038764.1	NC_038764.1
NC_038783.1	NC_038783.1
NC_038792.1	NC_038792.1
NC_038793.1	NC_038793.1
NC_038795.1	NC_038795.1
NC_038808.1	NC_038808.1
NC_038811.1	NC_038811.1
NC_038815.1	NC_038815.1
NC_038825.1	NC_038825.1
NC_038845.1	NC_038845.1
NC_038847.1	NC_038847.1
NC_038855.1	NC_038855.1
NC_038871.1	NC_038871.1
NC_038872.1	NC_038872.1
NC_038883.1	NC_038883.1
NC_038889.1	NC_038889.1
NC_038917.1	NC_038917.1
NC_038922.1	NC_038922.1
NC_038923.1	NC_038923.1
NC_038935.1	NC_038935.1
NC_038942.1	NC_038942.1
NC_038951.1	NC_038951.1
NC_038972.1	NC_038972.1
NC_038973.1	NC_038973.1
NC_038986.1	NC_038986.1
NC_038987.1	NC_038987.1
NC_038994.1	NC_038994.1
NC_038995.1	NC_038995.1
NC_039002.1	NC_039002.1
NC_039011.1	NC_039011.1
NC_039024.1	NC_039024.1
NC_039025.1	NC_039025.1
NC_039026.1	NC_039026.1
NC_039027.1	NC_039027.1
NC_039028.1	NC_039028.1
NC_039029.1	NC_039029.1
NC_039030.1	NC_039030.1
NC_039031.1	NC_039031.1
NC_039041.1	NC_039041.1
NC_039052.1	NC_039052.1
NC_039062.1	NC_039062.1
NC_039071.1	NC_039071.1
NC_039073.1	NC_039073.1
NC_039082.1	NC_039082.1
NC_039085.1	NC_039085.1
NC_039088.1	NC_039088.1
NC_039214.1	NC_039214.1
NC_039223.1	NC_039223.1
NC_039228.1	NC_039228.1
NC_039237.1	NC_039237.1
NC_039238.1	NC_039238.1
NC_039242.1	NC_039242.1
NC_039242.1	NC_039022.1
NC_034530.1	NC_034530.1
NC_034529.1	NC_034529.1
NC_034461.1	NC_034461.1
NC_030460.1	NC_030460.1
NC_030468.1	NC_030468.1
NC_030478.1	NC_030478.1
NC_030455.1	NC_030455.1
NC_034518.1	NC_034518.1
NC_038754.1	NC_038754.1
NC_038369.1	NC_038369.1
NC_030445.1	NC_030445.1
NC_030446.1	NC_030446.1
NC_038820.1	NC_038820.1
NC_038841.1	NC_038841.1
NC_032097.1	NC_032097.1
NC_040433.1	NC_040433.1
NC_040592.1	NC_040592.1
NC_040360.1	NC_040360.1
NC_040357.1	NC_040357.1
NC_042070.1	NC_042070.1
NC_009827.1	NC_009827.1
NC_003676.1	NC_003676.1
NC_003996.1	NC_003996.1
NC_006551.1	NC_006551.1
NC_001669.1	NC_001669.1
NC_012735.1	NC_012735.1
NC_014956.1	NC_014956.1
NC_027221.1	NC_027221.1
NC_030119.1	NC_030119.1
NC_076875.1	NC_076875.1
NC_076951.1	NC_076951.1
NC_076395.1	NC_076395.1
NC_076902.1	NC_076902.1
NC_076897.1	NC_076897.1
NC_076893.1	NC_076893.1
NC_076881.1	NC_076881.1
NC_077075.1	NC_077075.1
NC_077080.1	NC_077080.1
NC_076885.1	NC_076885.1
NC_077093.1	NC_077093.1
NC_077056.1	NC_077056.1
NC_076349.1	NC_076349.1
NC_077109.1	NC_077109.1
NC_077070.1	NC_077070.1
NC_076022.1	NC_076022.1
NC_075281.1	NC_075281.1
NC_077139.1	NC_077139.1
NC_077108.1	NC_077108.1
NC_077142.1	NC_077142.1
NC_076946.1	NC_076946.1
NC_077148.1	NC_077148.1
NC_077131.1	NC_077131.1
NC_077103.1	NC_077103.1
NC_077165.1	NC_077165.1
NC_077167.1	NC_077167.1
NC_077180.1	NC_077180.1
NC_077172.1	NC_077172.1
NC_077209.1	NC_077209.1
NC_077214.1	NC_077214.1
NC_077215.1	NC_077215.1
NC_077201.1	NC_077201.1
NC_077205.1	NC_077205.1
NC_077724.1	NC_077724.1
NC_077810.1	NC_077810.1
NC_078844.1	NC_078844.1
NC_078890.1	NC_078890.1
NC_077756.1	NC_077756.1
NC_077758.1	NC_077758.1
NC_078113.1	NC_078113.1
NC_078120.1	NC_078120.1
NC_078160.1	NC_078160.1
NC_078169.1	NC_078169.1
NC_078046.1	NC_078046.1
NC_078926.1	NC_078926.1
NC_078129.1	NC_078129.1
NC_078109.1	NC_078109.1
NC_078616.1	NC_078616.1
NC_078056.1	NC_078056.1
NC_078057.1	NC_078057.1
NC_078059.1	NC_078059.1
NC_078463.1	NC_078463.1
NC_078261.1	NC_078261.1
NC_078067.1	NC_078067.1
NC_078559.1	NC_078559.1
NC_079005.1	NC_079005.1
NC_078096.1	NC_078096.1
NC_078587.1	NC_078587.1
NC_078098.1	NC_078098.1
NC_078290.1	NC_078290.1
NC_077828.1	NC_077828.1
NC_055922.1	NC_055922.1
NC_078259.1	NC_078259.1
NC_078030.1	NC_078030.1
NC_078031.1	NC_078031.1
NC_079047.1	NC_079047.1
NC_078767.1	NC_078767.1
NC_078266.1	NC_078266.1
NC_078267.1	NC_078267.1
NC_078843.1	NC_078843.1
NC_078020.1	NC_078020.1
NC_078287.1	NC_078287.1
NC_078986.1	NC_078986.1
NC_078404.1	NC_078404.1
NC_078396.1	NC_078396.1
NC_078400.1	NC_078400.1
NC_078294.1	NC_078294.1
NC_078409.1	NC_078409.1
NC_078319.1	NC_078319.1
NC_078994.1	NC_078994.1
NC_078278.1	NC_078278.1
NC_078432.1	NC_078432.1
NC_078433.1	NC_078433.1
NC_078440.1	NC_078440.1
NC_078223.1	NC_078223.1
NC_078343.1	NC_078343.1
NC_078950.1	NC_078950.1
NC_078959.1	NC_078959.1
NC_078936.1	NC_078936.1
NC_078956.1	NC_078956.1
NC_079107.1	NC_079107.1
NC_078358.1	NC_078358.1
NC_078582.1	NC_078582.1
NC_079008.1	NC_079008.1
NC_078998.1	NC_078998.1
NC_079129.1	NC_079129.1
NC_079097.1	NC_079097.1
NC_078697.1	NC_078697.1
NC_078293.1	NC_078293.1
NC_078227.1	NC_078227.1
NC_055389.1	NC_055389.1
NC_055416.1	NC_055416.1
NC_055334.1	NC_055334.1
NC_055330.1	NC_055330.1
NC_055319.1	NC_055319.1
NC_055294.1	NC_055294.1
NC_016154.1	NC_016154.1
NC_055179.1	NC_055179.1
NC_055350.1	NC_055350.1
NC_055352.1	NC_055352.1
NC_055456.1	NC_055456.1
NC_055236.1	NC_055236.1
NC_055366.1	NC_055366.1
NC_055367.1	NC_055367.1
NC_055370.1	NC_055370.1
NC_055382.1	NC_055382.1
NC_055224.1	NC_055224.1
NC_055237.1	NC_055237.1
NC_055479.1	NC_055479.1
NC_055481.1	NC_055481.1
NC_055175.1	NC_055175.1
NC_055176.1	NC_055176.1
NC_055552.1	NC_055552.1
NC_055488.1	NC_055488.1
NC_055558.1	NC_055558.1
NC_055440.1	NC_055440.1
NC_055494.1	NC_055494.1
NC_055497.1	NC_055497.1
NC_055562.1	NC_055562.1
NC_055519.1	NC_055519.1
NC_055131.1	NC_055131.1
NC_055152.1	NC_055152.1
NC_055154.1	NC_055154.1
NC_055574.1	NC_055574.1
NC_055595.1	NC_055595.1
NC_055580.1	NC_055580.1
NC_055598.1	NC_055598.1
NC_055603.1	NC_055603.1
NC_055588.1	NC_055588.1
NC_055604.1	NC_055604.1
NC_055604.1	NC_055238.1
NC_055419.1	NC_055419.1
NC_055325.1	NC_055325.1
NC_055326.1	NC_055326.1
NC_055322.1	NC_055322.1
NC_055300.1	NC_055300.1
NC_055361.1	NC_055361.1
NC_055464.1	NC_055464.1
NC_055263.1	NC_055263.1
NC_055267.1	NC_055267.1
NC_055257.1	NC_055257.1
NC_055640.1	NC_055640.1
NC_040180.1	NC_040180.1
NC_030888.1	NC_030888.1
NC_025734.1	NC_025734.1
NC_028123.1	NC_028123.1
NC_008714.1	NC_008714.1
NC_000858.1	NC_000858.1
NC_003323.1	NC_003323.1
NC_055618.1	NC_055618.1
NC_055622.1	NC_055622.1
NC_055391.1	NC_055391.1
NC_055240.1	NC_055240.1
NC_055249.1	NC_055249.1
NC_055288.1	NC_055288.1
NC_055447.1	NC_055447.1
NC_055284.1	NC_055284.1
NC_055276.1	NC_055276.1
NC_055404.1	NC_055404.1
NC_055631.1	NC_055631.1
NC_039023.1	NC_039023.1
NC_037579.1	NC_037579.1
NC_037580.1	NC_037580.1
NC_001364.1	NC_001364.1
NC_003158.2	NC_003158.2
NC_023426.1	NC_023426.1
NC_002188.1	NC_002188.1
NC_001266.1	NC_001266.1
NC_003389.1	NC_003389.1
NC_038931.1	NC_038931.1
NC_044943.1	NC_044943.1
NC_044955.1	NC_044955.1
NC_044959.2	NC_044959.2
NC_044959.2	NC_044948.1
NC_003345.2	NC_003345.2
NC_001902.1	NC_001902.1
NC_003387.1	NC_003387.1
NC_038507.1	NC_038507.1
NC_006949.1	NC_006949.1
NC_004066.1	NC_004066.1
NC_004037.2	NC_004037.2
NC_004084.1	NC_004084.1
NC_004084.1	NC_054954.1
NC_007914.1	NC_007914.1
NC_007918.1	NC_007918.1
NC_004087.1	NC_004087.1
NC_004086.1	NC_004086.1
NC_031038.1	NC_031038.1
NC_052650.1	NC_052650.1
NC_005950.1	NC_005950.1
NC_004176.1	NC_004176.1
NC_005890.1	NC_005890.1
NC_001511.1	NC_001511.1
NC_011920.1	NC_011920.1
NC_014139.1	NC_014139.1
NC_001499.1	NC_001499.1
NC_001463.1	NC_001463.1
NC_006437.1	NC_006437.1
NC_005988.1	NC_005988.1
NC_001550.1	NC_001550.1
NC_003627.1	NC_003627.1
NC_012703.1	NC_012703.1
NC_015502.1	NC_015502.1
NC_015503.1	NC_015503.1
NC_015505.1	NC_015505.1
NC_015507.1	NC_015507.1
NC_001749.2	NC_001749.2
NC_003693.1	NC_003693.1
NC_010240.1	NC_010240.1
NC_010662.1	NC_010662.1
NC_014185.1	NC_014185.1
NC_010669.1	NC_010669.1
NC_010820.1	NC_010820.1
NC_007642.1	NC_007642.1
NC_012728.1	NC_012728.1
NC_001498.1	NC_001498.1
NC_010834.1	NC_010834.1
NC_010836.1	NC_010836.1
NC_002048.1	NC_002048.1
NC_013463.1	NC_013463.1
NC_001914.1	NC_001914.1
NC_007218.1	NC_007218.1
NC_008519.1	NC_008519.1
NC_002022.1	NC_002022.1
NC_001917.1	NC_001917.1
NC_001436.1	NC_001436.1
NC_004324.3	NC_004324.3
NC_003736.1	NC_003736.1
NC_008189.1	NC_008189.1
NC_008034.1	NC_008034.1
NC_008494.1	NC_008494.1
NC_010295.1	NC_010295.1
NC_014070.1	NC_014070.1
NC_011800.1	NC_011800.1
NC_014074.1	NC_014074.1
NC_014085.1	NC_014085.1
NC_015506.1	NC_015506.1
NC_010521.1	NC_010521.1
NC_010751.1	NC_010751.1
NC_012118.1	NC_012118.1
NC_013028.1	NC_013028.1
NC_003733.1	NC_003733.1
NC_014648.1	NC_014648.1
NC_015450.1	NC_015450.1
NC_013413.1	NC_013413.1
NC_015504.1	NC_015504.1
NC_006960.1	NC_006960.1
NC_003987.1	NC_003987.1
NC_006640.1	NC_006640.1
NC_016162.1	NC_016162.1
NC_016436.1	NC_016436.1
NC_014243.1	NC_014243.1
NC_014244.1	NC_014244.1
NC_014245.1	NC_014245.1
NC_015452.1	NC_015452.1
NC_018872.2	NC_018872.2
AC_000020.1	AC_000020.1
NC_014523.1	NC_014523.1
NC_013029.1	NC_013029.1
NC_013801.1	NC_013801.1
NC_002211.1	NC_002211.1
NC_015297.1	NC_015297.1
NC_003138.2	NC_003138.2
NC_003417.1	NC_003417.1
NC_013999.1	NC_013999.1
NC_004202.1	NC_004202.1
NC_011058.1	NC_011058.1
NC_001897.1	NC_001897.1
NC_006015.1	NC_006015.1
NC_009759.1	NC_009759.1
NC_010416.1	NC_010416.1
NC_007002.1	NC_007002.1
NC_005167.1	NC_005167.1
NC_005888.1	NC_005888.1
NC_005906.1	NC_005906.1
NC_001482.1	NC_001482.1
NC_001802.1	NC_001802.1
NC_010178.1	NC_010178.1
NC_001867.1	NC_001867.1
NC_008057.1	NC_008057.1
NC_013464.1	NC_013464.1
NC_003807.1	NC_003807.1
NC_015228.1	NC_015228.1
NC_015229.1	NC_015229.1
NC_001814.1	NC_001814.1
NC_003031.1	NC_003031.1
NC_004005.1	NC_004005.1
NC_016075.1	NC_016075.1
NC_010736.1	NC_010736.1
NC_003007.1	NC_003007.1
NC_007987.1	NC_007987.1
NC_015629.1	NC_015629.1
NC_004036.1	NC_004036.1
NC_004730.1	NC_004730.1
NC_011706.1	NC_011706.1
NC_011024.1	NC_011024.1
AC_000190.1	AC_000190.1
NC_001650.2	NC_001650.2
NC_002361.1	NC_002361.1
NC_004156.2	NC_004156.2
NC_001859.1	NC_001859.1
NC_003094.2	NC_003094.2
NC_004425.1	NC_004425.1
NC_001726.1	NC_001726.1
NC_002024.2	NC_002024.2
NC_013261.1	NC_013261.1
NC_008094.1	NC_008094.1
NC_016536.1	NC_016536.1
NC_008725.1	NC_008725.1
NC_006003.1	NC_006003.1
NC_016561.1	NC_016561.1
NC_004560.1	NC_004560.1
NC_006053.1	NC_006053.1
NC_003886.1	NC_003886.1
NC_022641.1	NC_022641.1
NC_005897.1	NC_005897.1
NC_004628.1	NC_004628.1
NC_000939.2	NC_000939.2
NC_003878.1	NC_003878.1
NC_016577.1	NC_016577.1
NC_004810.1	NC_004810.1
NC_008284.1	NC_008284.1
NC_005221.1	NC_005221.1
NC_004215.1	NC_004215.1
NC_004216.1	NC_004216.1
NC_005079.1	NC_005079.1
NC_008170.1	NC_008170.1
NC_006309.2	NC_006309.2
NC_005778.1	NC_005778.1
NC_005999.1	NC_005999.1
NC_007013.1	NC_007013.1
NC_005210.2	NC_005210.2
NC_013116.1	NC_013116.1
NC_007654.1	NC_007654.1
NC_007905.1	NC_007905.1
NC_013397.1	NC_013397.1
NC_001866.1	NC_001866.1
NC_001494.1	NC_001494.1
NC_015116.1	NC_015116.1
NC_003729.1	NC_003729.1
NC_015962.1	NC_015962.1
NC_015124.1	NC_015124.1
NC_001514.1	NC_001514.1
NC_004096.1	NC_004096.1
NC_006009.1	NC_006009.1
NC_007015.1	NC_007015.1
NC_001935.1	NC_001935.1
NC_005301.3	NC_005301.3
NC_006943.1	NC_006943.1
NC_001724.1	NC_001724.1
NC_001725.1	NC_001725.1
NC_007003.1	NC_007003.1
NC_008853.1	NC_008853.1
NC_003467.2	NC_003467.2
NC_017915.1	NC_017915.1
NC_019034.1	NC_019034.1
NC_034268.1	NC_034268.1
NC_034271.1	NC_034271.1
NC_038261.1	NC_038261.1
NC_003815.1	NC_003815.1
NC_003816.1	NC_003816.1
NC_003817.1	NC_003817.1
NC_038267.1	NC_038267.1
NC_038287.1	NC_038287.1
NC_038288.1	NC_038288.1
NC_038302.1	NC_038302.1
NC_038310.1	NC_038310.1
NC_038346.1	NC_038346.1
NC_038366.1	NC_038366.1
NC_038372.1	NC_038372.1
NC_038378.1	NC_038378.1
NC_038379.1	NC_038379.1
NC_038380.1	NC_038380.1
NC_038381.1	NC_038381.1
NC_038382.1	NC_038382.1
NC_038384.1	NC_038384.1
NC_038388.1	NC_038388.1
NC_038400.1	NC_038400.1
NC_038415.1	NC_038415.1
NC_038436.1	NC_038436.1
NC_038438.1	NC_038438.1
NC_038445.1	NC_038445.1
NC_038448.1	NC_038448.1
NC_038452.1	NC_038452.1
NC_038466.1	NC_038466.1
NC_038470.1	NC_038470.1
NC_038483.1	NC_038483.1
NC_038496.1	NC_038496.1
NC_038503.1	NC_038503.1
NC_040692.1	NC_040692.1
NC_040807.1	NC_040807.1
NC_040808.1	NC_040808.1
NC_040552.1	NC_040552.1
NC_040622.1	NC_040622.1
NC_040693.1	NC_040693.1
NC_040635.1	NC_040635.1
NC_040432.1	NC_040432.1
NC_040818.1	NC_040818.1
NC_040633.1	NC_040633.1
NC_040704.1	NC_040704.1
NC_040719.1	NC_040719.1
NC_040639.1	NC_040639.1
NC_040696.1	NC_040696.1
NC_040715.1	NC_040715.1
NC_040566.1	NC_040566.1
NC_040822.1	NC_040822.1
NC_040627.1	NC_040627.1
NC_040642.1	NC_040642.1
NC_040328.1	NC_040328.1
NC_040841.1	NC_040841.1
NC_040324.1	NC_040324.1
NC_040709.1	NC_040709.1
NC_040827.1	NC_040827.1
NC_040712.1	NC_040712.1
NC_040579.1	NC_040579.1
NC_040828.1	NC_040828.1
NC_040843.1	NC_040843.1
NC_040426.1	NC_040426.1
NC_040760.1	NC_040760.1
NC_040404.1	NC_040404.1
NC_040410.1	NC_040410.1
NC_040413.1	NC_040413.1
NC_040445.1	NC_040445.1
NC_040397.1	NC_040397.1
NC_040747.1	NC_040747.1
NC_040748.1	NC_040748.1
NC_040739.1	NC_040739.1
NC_040388.1	NC_040388.1
NC_040392.1	NC_040392.1
NC_040417.1	NC_040417.1
NC_040477.1	NC_040477.1
NC_040481.1	NC_040481.1
NC_040450.1	NC_040450.1
NC_040453.1	NC_040453.1
NC_040497.1	NC_040497.1
NC_040517.1	NC_040517.1
NC_044953.1	NC_044953.1
NC_019559.2	NC_019559.2
NC_006008.2	NC_006008.2
NC_046959.1	NC_046959.1
NC_033836.1	NC_033836.1
NC_033842.1	NC_033842.1
NC_033844.1	NC_033844.1
NC_033848.1	NC_033848.1
NC_033846.1	NC_033846.1
NC_035456.1	NC_035456.1
NC_019843.3	NC_019843.3
NC_032126.1	NC_032126.1
NC_034440.1	NC_034440.1
NC_002232.1	NC_002232.1
NC_043460.1	NC_043460.1
NC_010956.1	NC_010956.1
NC_003220.1	NC_003220.1
NC_043242.1	NC_043242.1
NC_043245.1	NC_043245.1
NC_012959.1	NC_012959.1
NC_043695.1	NC_043695.1
NC_040352.1	NC_040352.1
NC_040311.1	NC_040311.1
NC_040355.1	NC_040355.1
NC_024708.1	NC_024708.1
NC_026801.1	NC_026801.1
NC_027529.1	NC_027529.1
NC_029603.1	NC_029603.1
NC_029639.1	NC_029639.1
NC_029605.1	NC_029605.1
NC_029598.1	NC_029598.1
NC_029585.1	NC_029585.1
NC_028498.1	NC_028498.1
NC_028484.1	NC_028484.1
NC_029899.1	NC_029899.1
NC_030874.1	NC_030874.1
NC_030883.1	NC_030883.1
NC_040309.1	NC_040309.1
NC_015230.1	NC_015230.1
NC_035131.1	NC_035131.1
NC_035223.1	NC_035223.1
NC_040314.1	NC_040314.1
NC_031140.1	NC_031140.1
NC_031223.1	NC_031223.1
NC_031290.1	NC_031290.1
NC_031322.1	NC_031322.1
NC_003977.2	NC_003977.2
NC_055550.1	NC_055550.1
NC_055197.1	NC_055197.1
NC_055119.1	NC_055119.1
NC_030123.1	NC_030123.1
NC_030124.1	NC_030124.1
NC_038395.1	NC_038395.1
NC_038596.1	NC_038596.1
NC_038598.1	NC_038598.1
NC_038602.1	NC_038602.1
NC_038604.1	NC_038604.1
NC_038611.1	NC_038611.1
NC_038612.1	NC_038612.1
NC_039203.1	NC_039203.1
NC_039204.1	NC_039204.1
NC_042071.1	NC_042071.1
NC_001654.1	NC_001654.1
NC_007827.1	NC_007827.1
NC_038953.1	NC_038953.1
NC_043029.1	NC_043029.1
NC_043034.1	NC_043034.1
NC_043047.1	NC_043047.1
NC_043049.1	NC_043049.1
NC_043054.1	NC_043054.1
NC_043104.1	NC_043104.1
NC_043111.1	NC_043111.1
NC_043116.1	NC_043116.1
NC_043148.1	NC_043148.1
NC_043156.1	NC_043156.1
NC_043159.1	NC_043159.1
NC_043171.1	NC_043171.1
NC_043180.1	NC_043180.1
NC_043190.1	NC_043190.1
NC_043193.1	NC_043193.1
NC_043194.1	NC_043194.1
NC_043195.1	NC_043195.1
NC_043203.1	NC_043203.1
NC_043262.1	NC_043262.1
NC_043269.1	NC_043269.1
NC_043382.1	NC_043382.1
NC_043393.1	NC_043393.1
NC_043395.1	NC_043395.1
NC_043396.1	NC_043396.1
NC_043401.1	NC_043401.1
NC_043404.1	NC_043404.1
NC_043406.1	NC_043406.1
NC_043410.1	NC_043410.1
NC_043414.1	NC_043414.1
NC_043423.1	NC_043423.1
NC_043424.1	NC_043424.1
NC_043426.1	NC_043426.1
NC_043427.1	NC_043427.1
NC_043445.1	NC_043445.1
NC_043473.1	NC_043473.1
NC_043491.1	NC_043491.1
NC_043499.1	NC_043499.1
NC_043523.1	NC_043523.1
NC_043528.1	NC_043528.1
NC_043531.1	NC_043531.1
NC_043534.1	NC_043534.1
NC_043535.1	NC_043535.1
NC_043541.1	NC_043541.1
NC_043543.1	NC_043543.1
NC_043671.1	NC_043671.1
NC_043672.1	NC_043672.1
NC_025672.1	NC_025672.1
NC_044046.1	NC_044046.1
NC_039477.1	NC_039477.1
NC_043690.1	NC_043690.1
NC_043560.1	NC_043560.1
NC_043628.1	NC_043628.1
NC_043638.1	NC_043638.1
NC_043598.1	NC_043598.1
NC_043591.1	NC_043591.1
NC_043547.1	NC_043547.1
NC_043645.1	NC_043645.1
NC_043648.1	NC_043648.1
NC_043443.1	NC_043443.1
NC_043623.1	NC_043623.1
NC_043482.1	NC_043482.1
NC_043644.1	NC_043644.1
NC_043679.1	NC_043679.1
NC_043354.1	NC_043354.1
NC_043371.1	NC_043371.1
NC_043372.1	NC_043372.1
NC_043381.1	NC_043381.1
NC_043296.1	NC_043296.1
NC_043218.1	NC_043218.1
NC_043466.1	NC_043466.1
NC_040650.1	NC_040650.1
NC_040597.1	NC_040597.1
NC_040773.1	NC_040773.1
NC_040188.1	NC_040188.1
NC_040791.1	NC_040791.1
NC_040531.1	NC_040531.1
NC_040611.1	NC_040611.1
NC_040550.1	NC_040550.1
NC_040620.1	NC_040620.1
NC_040691.1	NC_040691.1
NC_040534.1	NC_040534.1
NC_040539.1	NC_040539.1
NC_040801.1	NC_040801.1
NC_040809.1	NC_040809.1
NC_139175.1	NC_139175.1
NC_116497.1	NC_116497.1
NC_139178.1	NC_139178.1
NC_116875.1	NC_116875.1
NC_116093.1	NC_116093.1
NC_139205.1	NC_139205.1
NC_139206.1	NC_139206.1
NC_139207.1	NC_139207.1
NC_139214.1	NC_139214.1
NC_116862.1	NC_116862.1
NC_116560.1	NC_116560.1
NC_117243.1	NC_117243.1
NC_038332.1	NC_038332.1
NC_002628.3	NC_002628.3
NC_001720.1	NC_001720.1
NC_003524.1	NC_003524.1
NC_043252.1	NC_043252.1
NC_005830.1	NC_005830.1
NC_001338.1	NC_001338.1
NC_005361.1	NC_005361.1
NC_005360.1	NC_005360.1
NC_005832.1	NC_005832.1
NC_005892.1	NC_005892.1
NC_006556.1	NC_006556.1
NC_009884.1	NC_009884.1
NC_009965.1	NC_009965.1
NC_007409.1	NC_007409.1
NC_007217.1	NC_007217.1
NC_023611.1	NC_023611.1
NC_010155.1	NC_010155.1
NC_010152.1	NC_010152.1
NC_010153.1	NC_010153.1
NC_010154.1	NC_010154.1
NC_003027.1	NC_003027.1
NC_020878.1	NC_020878.1
NC_008695.1	NC_008695.1
NC_015289.1	NC_015289.1
NC_015290.1	NC_015290.1
NC_009986.1	NC_009986.1
NC_011217.1	NC_011217.1
NC_010537.1	NC_010537.1
NC_025375.1	NC_025375.1
NC_011022.1	NC_011022.1
NC_020883.1	NC_020883.1
NC_011703.1	NC_011703.1
NC_030394.2	NC_030394.2
NC_012663.1	NC_012663.1
NC_013021.1	NC_013021.1
NC_013649.2	NC_013649.2
NC_044958.1	NC_044958.1
NC_044958.1	NC_001659.2
NC_013698.1	NC_013698.1
NC_013587.1	NC_013587.1
NC_013588.1	NC_013588.1
NC_013585.1	NC_013585.1
NC_013758.1	NC_013758.1
NC_014099.1	NC_014099.1
NC_020856.2	NC_020856.2
NC_021537.1	NC_021537.1
NC_020864.1	NC_020864.1
NC_027984.1	NC_027984.1
NC_019921.1	NC_019921.1
NC_014636.1	NC_014636.1
NC_016071.1	NC_016071.1
NC_049345.1	NC_049345.1
NC_015264.1	NC_015264.1
NC_028268.1	NC_028268.1
NC_028256.1	NC_028256.1
NC_042035.1	NC_042035.1
NC_023734.1	NC_023734.1
NC_023731.1	NC_023731.1
NC_023714.1	NC_023714.1
NC_023725.1	NC_023725.1
NC_020077.1	NC_020077.1
NC_019715.1	NC_019715.1
NC_019524.2	NC_019524.2
NC_016989.1	NC_016989.1
NC_017087.1	NC_017087.1
NC_017088.1	NC_017088.1
NC_017089.1	NC_017089.1
NC_017090.1	NC_017090.1
NC_018271.1	NC_018271.1
NC_023588.1	NC_023588.1
NC_017973.1	NC_017973.1
NC_018276.1	NC_018276.1
NC_025418.1	NC_025418.1
NC_025433.1	NC_025433.1
NC_027353.1	NC_027353.1
NC_019423.1	NC_019423.1
NC_044939.1	NC_044939.1
NC_044939.1	NC_043216.1
NC_020159.1	NC_020159.1
NC_020158.1	NC_020158.1
NC_021471.1	NC_021471.1
NC_021852.1	NC_021852.1
NC_021330.1	NC_021330.1
NC_021327.1	NC_021327.1
NC_021322.1	NC_021322.1
NC_021340.1	NC_021340.1
NC_021329.1	NC_021329.1
NC_008030.1	NC_008030.1
NC_049351.1	NC_049351.1
NC_021249.1	NC_021249.1
NC_020882.1	NC_020882.1
NC_021334.1	NC_021334.1
NC_048026.1	NC_048026.1
NC_021865.1	NC_021865.1
NC_022052.1	NC_022052.1
NC_023585.1	NC_023585.1
NC_022990.1	NC_022990.1
NC_023563.1	NC_023563.1
NC_062738.1	NC_062738.1
NC_023551.1	NC_023551.1
NC_023592.1	NC_023592.1
NC_023565.1	NC_023565.1
NC_023578.1	NC_023578.1
NC_024212.1	NC_024212.1
NC_024212.1	NC_041861.1
NC_025470.1	NC_025470.1
NC_028988.1	NC_028988.1
NC_027352.1	NC_027352.1
NC_025434.1	NC_025434.1
NC_027400.1	NC_027400.1
NC_027299.1	NC_027299.1
NC_025115.1	NC_025115.1
NC_026602.1	NC_026602.1
NC_029020.1	NC_029020.1
NC_029048.2	NC_029048.2
NC_028112.1	NC_028112.1
NC_029009.1	NC_029009.1
NC_028856.1	NC_028856.1
NC_028870.1	NC_028870.1
NC_028825.1	NC_028825.1
NC_049366.1	NC_049366.1
NC_049369.1	NC_049369.1
NC_031104.1	NC_031104.1
NC_028919.1	NC_028919.1
NC_028763.1	NC_028763.1
NC_030902.1	NC_030902.1
NC_055708.1	NC_055708.1
NC_027622.1	NC_027622.1
NC_029100.1	NC_029100.1
NC_029017.1	NC_029017.1
NC_027707.1	NC_027707.1
NC_028968.1	NC_028968.1
NC_028810.1	NC_028810.1
NC_029070.1	NC_029070.1
NC_028938.1	NC_028938.1
NC_028787.1	NC_028787.1
NC_029103.1	NC_029103.1
NC_029011.1	NC_029011.1
NC_041874.1	NC_041874.1
NC_041938.1	NC_041938.1
NC_042053.1	NC_042053.1
NC_029548.1	NC_029548.1
NC_049372.1	NC_049372.1
NC_031247.1	NC_031247.1
NC_031267.1	NC_031267.1
NC_031261.1	NC_031261.1
NC_031101.1	NC_031101.1
NC_030901.1	NC_030901.1
NC_030912.1	NC_030912.1
NC_030917.1	NC_030917.1
NC_031064.1	NC_031064.1
NC_031082.1	NC_031082.1
NC_047928.1	NC_047928.1
NC_030842.1	NC_030842.1
NC_030884.1	NC_030884.1
NC_054803.1	NC_054803.1
NC_051713.1	NC_051713.1
NC_048650.1	NC_048650.1
NC_041905.1	NC_041905.1
NC_061439.1	NC_061439.1
NC_054460.1	NC_054460.1
NC_042346.1	NC_042346.1
NC_033775.1	NC_033775.1
NC_041926.1	NC_041926.1
NC_047943.1	NC_047943.1
NC_010811.2	NC_010811.2
NC_038017.1	NC_038017.1
NC_034625.1	NC_034625.1
NC_034624.1	NC_034624.1
NC_034628.1	NC_034628.1
NC_034621.1	NC_034621.1
NC_034627.1	NC_034627.1
NC_034619.1	NC_034619.1
NC_034620.1	NC_034620.1
NC_041995.1	NC_041995.1
NC_053507.1	NC_053507.1
NC_051616.1	NC_051616.1
NC_042015.1	NC_042015.1
NC_054911.1	NC_054911.1
NC_042019.1	NC_042019.1
NC_049419.1	NC_049419.1
NC_048675.1	NC_048675.1
NC_049408.1	NC_049408.1
NC_042079.1	NC_042079.1
NC_042080.1	NC_042080.1
NC_048000.1	NC_048000.1
NC_047862.1	NC_047862.1
NC_054795.1	NC_054795.1
NC_055229.1	NC_055229.1
NC_042092.1	NC_042092.1
NC_047901.1	NC_047901.1
NC_042347.1	NC_042347.1
NC_047902.1	NC_047902.1
NC_037057.1	NC_037057.1
NC_042103.1	NC_042103.1
NC_051621.1	NC_051621.1
NC_048160.1	NC_048160.1
NC_047955.1	NC_047955.1
NC_054680.1	NC_054680.1
NC_054781.1	NC_054781.1
NC_048005.1	NC_048005.1
NC_048718.1	NC_048718.1
NC_048709.1	NC_048709.1
NC_048049.1	NC_048049.1
NC_048024.1	NC_048024.1
NC_048722.1	NC_048722.1
NC_048729.1	NC_048729.1
NC_048037.1	NC_048037.1
NC_055771.1	NC_055771.1
NC_049429.1	NC_049429.1
NC_048079.1	NC_048079.1
NC_048096.1	NC_048096.1
NC_055780.1	NC_055780.1
NC_054642.1	NC_054642.1
NC_055775.1	NC_055775.1
NC_055776.1	NC_055776.1
NC_048127.1	NC_048127.1
NC_055116.1	NC_055116.1
NC_048743.1	NC_048743.1
NC_049445.1	NC_049445.1
NC_062739.1	NC_062739.1
NC_048157.1	NC_048157.1
NC_048158.1	NC_048158.1
NC_048156.1	NC_048156.1
NC_049449.1	NC_049449.1
NC_048155.1	NC_048155.1
NC_049851.1	NC_049851.1
NC_049936.1	NC_049936.1
NC_048181.1	NC_048181.1
NC_054650.1	NC_054650.1
NC_049463.1	NC_049463.1
NC_052935.1	NC_052935.1
NC_054779.1	NC_054779.1
NC_052967.1	NC_052967.1
NC_055015.1	NC_055015.1
NC_007145.2	NC_007145.2
NC_012638.1	NC_012638.1
NC_014467.1	NC_014467.1
NC_008152.1	NC_008152.1
NC_000935.1	NC_000935.1
NC_051728.1	NC_051728.1
NC_049827.1	NC_049827.1
NC_049852.1	NC_049852.1
NC_049823.1	NC_049823.1
NC_049498.1	NC_049498.1
NC_049508.1	NC_049508.1
NC_048871.1	NC_048871.1
NC_050151.1	NC_050151.1
NC_062740.1	NC_062740.1
NC_055842.1	NC_055842.1
NC_047705.1	NC_047705.1
NC_053008.1	NC_053008.1
NC_054419.1	NC_054419.1
NC_062751.1	NC_062751.1
NC_062753.1	NC_062753.1
NC_052980.1	NC_052980.1
NC_053514.1	NC_053514.1
NC_055885.1	NC_055885.1
NC_055894.1	NC_055894.1
NC_047889.1	NC_047889.1
NC_062742.1	NC_062742.1
NC_049391.1	NC_049391.1
NC_048818.1	NC_048818.1
NC_054953.1	NC_054953.1
NC_021335.1	NC_021335.1
NC_021321.1	NC_021321.1
NC_061449.1	NC_061449.1
NC_062756.1	NC_062756.1
NC_062757.1	NC_062757.1
NC_062758.1	NC_062758.1
NC_062759.1	NC_062759.1
NC_062760.1	NC_062760.1
NC_062761.1	NC_062761.1
NC_062762.1	NC_062762.1
NC_062763.1	NC_062763.1
NC_004333.2	NC_004333.2
NC_017702.1	NC_017702.1
NC_013153.1	NC_013153.1
NC_002656.1	NC_002656.1
NC_004686.2	NC_004686.2
NC_042027.1	NC_042027.1
NC_023705.1	NC_023705.1
NC_027365.1	NC_027365.1
NC_021315.1	NC_021315.1
NC_003438.1	NC_003438.1
NC_022343.1	NC_022343.1
NC_048856.1	NC_048856.1
NC_062764.1	NC_062764.1
NC_062768.1	NC_062768.1
NC_071061.1	NC_071061.1
NC_070664.1	NC_070664.1
NC_071062.1	NC_071062.1
NC_070670.1	NC_070670.1
NC_070678.1	NC_070678.1
NC_071058.1	NC_071058.1
NC_070877.1	NC_070877.1
NC_070949.1	NC_070949.1
NC_071026.1	NC_071026.1
NC_070993.1	NC_070993.1
NC_070916.1	NC_070916.1
NC_005265.1	NC_005265.1
NC_072809.1	NC_072809.1
NC_073064.1	NC_073064.1
NC_073058.1	NC_073058.1
NC_073074.1	NC_073074.1
NC_073211.1	NC_073211.1
NC_011097.2	NC_011097.2
NC_073454.1	NC_073454.1
NC_073472.1	NC_073472.1
NC_073623.1	NC_073623.1
NC_074560.1	NC_074560.1
NC_073750.1	NC_073750.1
NC_073760.1	NC_073760.1
NC_074654.1	NC_074654.1
NC_074632.1	NC_074632.1
NC_074633.1	NC_074633.1
NC_074634.1	NC_074634.1
NC_074653.1	NC_074653.1
NC_074641.1	NC_074641.1
NC_074651.1	NC_074651.1
NC_074652.1	NC_074652.1
NC_074174.1	NC_074174.1
NC_073892.1	NC_073892.1
NC_074122.1	NC_074122.1
NC_074316.1	NC_074316.1
NC_073822.1	NC_073822.1
NC_073777.1	NC_073777.1
NC_074516.1	NC_074516.1
NC_073778.1	NC_073778.1
NC_074604.1	NC_074604.1
NC_074169.1	NC_074169.1
NC_074370.1	NC_074370.1
NC_074350.1	NC_074350.1
NC_074503.1	NC_074503.1
NC_074505.1	NC_074505.1
NC_073763.1	NC_073763.1
NC_074210.1	NC_074210.1
NC_074251.1	NC_074251.1
NC_074345.1	NC_074345.1
NC_074050.1	NC_074050.1
NC_074275.1	NC_074275.1
NC_074059.1	NC_074059.1
NC_074051.1	NC_074051.1
NC_074490.1	NC_074490.1
NC_074579.1	NC_074579.1
NC_074003.1	NC_074003.1
NC_074361.1	NC_074361.1
NC_073991.1	NC_073991.1
NC_074135.1	NC_074135.1
NC_073833.1	NC_073833.1
NC_074163.1	NC_074163.1
NC_074203.1	NC_074203.1
NC_074101.1	NC_074101.1
NC_073903.1	NC_073903.1
NC_074109.1	NC_074109.1
NC_073913.1	NC_073913.1
NC_073879.1	NC_073879.1
NC_074035.1	NC_074035.1
NC_073804.1	NC_073804.1
NC_073847.1	NC_073847.1
NC_073798.1	NC_073798.1
NC_073964.1	NC_073964.1
NC_073845.1	NC_073845.1
NC_074488.1	NC_074488.1
NC_074270.1	NC_074270.1
NC_074018.1	NC_074018.1
NC_074542.1	NC_074542.1
NC_074483.1	NC_074483.1
NC_074481.1	NC_074481.1
NC_074647.1	NC_074647.1
NC_074644.1	NC_074644.1
NC_074645.1	NC_074645.1
NC_074643.1	NC_074643.1
NC_074655.1	NC_074655.1
NC_074638.1	NC_074638.1
NC_074636.1	NC_074636.1
NC_074650.1	NC_074650.1
NC_074639.1	NC_074639.1
NC_074640.1	NC_074640.1
NC_076947.1	NC_076947.1
NC_077221.1	NC_077221.1
NC_074758.1	NC_074758.1
NC_076512.1	NC_076512.1
NC_076164.1	NC_076164.1
NC_075015.1	NC_075015.1
NC_075345.1	NC_075345.1
NC_075802.1	NC_075802.1
NC_075430.1	NC_075430.1
NC_075431.1	NC_075431.1
NC_076032.1	NC_076032.1
NC_076513.1	NC_076513.1
NC_076166.1	NC_076166.1
NC_076102.1	NC_076102.1
NC_076102.1	NC_043454.1
NC_076102.1	NC_043461.1
NC_075980.1	NC_075980.1
NC_076514.1	NC_076514.1
NC_076518.1	NC_076518.1
NC_076519.1	NC_076519.1
NC_075563.1	NC_075563.1
NC_076932.1	NC_076932.1
NC_076269.1	NC_076269.1
NC_076931.1	NC_076931.1
NC_014798.1	NC_014798.1
NC_075300.1	NC_075300.1
NC_075301.1	NC_075301.1
NC_076553.1	NC_076553.1
NC_076129.1	NC_076129.1
NC_076260.1	NC_076260.1
NC_074775.1	NC_074775.1
NC_076133.1	NC_076133.1
NC_074786.1	NC_074786.1
NC_075280.1	NC_075280.1
NC_076623.1	NC_076623.1
NC_075972.1	NC_075972.1
NC_075034.1	NC_075034.1
NC_076205.1	NC_076205.1
NC_054003.1	NC_054003.1
NC_076685.1	NC_076685.1
NC_075121.1	NC_075121.1
NC_075276.1	NC_075276.1
NC_075289.1	NC_075289.1
NC_076048.1	NC_076048.1
NC_076239.1	NC_076239.1
NC_075332.1	NC_075332.1
NC_076249.1	NC_076249.1
NC_077050.1	NC_077050.1
NC_075372.1	NC_075372.1
NC_075376.1	NC_075376.1
NC_076234.1	NC_076234.1
NC_076628.1	NC_076628.1
NC_075368.1	NC_075368.1
NC_076006.1	NC_076006.1
NC_076008.1	NC_076008.1
NC_075440.1	NC_075440.1
NC_077010.1	NC_077010.1
NC_076183.1	NC_076183.1
NC_076299.1	NC_076299.1
NC_075287.1	NC_075287.1
NC_075290.1	NC_075290.1
NC_076172.1	NC_076172.1
NC_076176.1	NC_076176.1
NC_077014.1	NC_077014.1
NC_076224.1	NC_076224.1
NC_076179.1	NC_076179.1
NC_076180.1	NC_076180.1
NC_076241.1	NC_076241.1
NC_076963.1	NC_076963.1
NC_075292.1	NC_075292.1
NC_076023.1	NC_076023.1
NC_076247.1	NC_076247.1
NC_076259.1	NC_076259.1
NC_076263.1	NC_076263.1
NC_076026.1	NC_076026.1
NC_076699.1	NC_076699.1
NC_076287.1	NC_076287.1
NC_076242.1	NC_076242.1
NC_076344.1	NC_076344.1
NC_076377.1	NC_076377.1
NC_076375.1	NC_076375.1
NC_076360.1	NC_076360.1
NC_076272.1	NC_076272.1
NC_076273.1	NC_076273.1
NC_076695.1	NC_076695.1
NC_076389.1	NC_076389.1
NC_076401.1	NC_076401.1
NC_076402.1	NC_076402.1
NC_076606.1	NC_076606.1
NC_076674.1	NC_076674.1
NC_076398.1	NC_076398.1
NC_076723.1	NC_076723.1
NC_076724.1	NC_076724.1
NC_076725.1	NC_076725.1
NC_076413.1	NC_076413.1
NC_076736.1	NC_076736.1
NC_076746.1	NC_076746.1
NC_076762.1	NC_076762.1
NC_076787.1	NC_076787.1
NC_076792.1	NC_076792.1
NC_076793.1	NC_076793.1
NC_076742.1	NC_076742.1
NC_076801.1	NC_076801.1
NC_076461.1	NC_076461.1
NC_076454.1	NC_076454.1
NC_076455.1	NC_076455.1
NC_076467.1	NC_076467.1
NC_076710.1	NC_076710.1
NC_076399.1	NC_076399.1
NC_076727.1	NC_076727.1
NC_076842.1	NC_076842.1
NC_076733.1	NC_076733.1
NC_076434.1	NC_076434.1
NC_076440.1	NC_076440.1
NC_076833.1	NC_076833.1
NC_076832.1	NC_076832.1
NC_077043.1	NC_077043.1
NC_077041.1	NC_077041.1
NC_076862.1	NC_076862.1
NC_077067.1	NC_077067.1
NC_076872.1	NC_076872.1
NC_079031.1	NC_079031.1
NC_079066.1	NC_079066.1
NC_079073.1	NC_079073.1
NC_079046.1	NC_079046.1
NC_079028.1	NC_079028.1
NC_079115.1	NC_079115.1
NC_079038.1	NC_079038.1
NC_078939.1	NC_078939.1
NC_017829.1	NC_017829.1
NC_077216.1	NC_077216.1
NC_078245.1	NC_078245.1
NC_078732.1	NC_078732.1
NC_078461.1	NC_078461.1
NC_078049.1	NC_078049.1
NC_077696.1	NC_077696.1
NC_077696.1	NC_031134.1
NC_078773.1	NC_078773.1
NC_078036.1	NC_078036.1
NC_077801.1	NC_077801.1
NC_078596.1	NC_078596.1
NC_078599.1	NC_078599.1
NC_078570.1	NC_078570.1
NC_078611.1	NC_078611.1
NC_078471.1	NC_078471.1
NC_078413.1	NC_078413.1
NC_078866.1	NC_078866.1
NC_074449.1	NC_074449.1
NC_078011.1	NC_078011.1
NC_078005.1	NC_078005.1
NC_077940.1	NC_077940.1
NC_077946.1	NC_077946.1
NC_003311.2	NC_003311.2
NC_047744.1	NC_047744.1
NC_074656.1	NC_074656.1
NC_074657.1	NC_074657.1
NC_027399.1	NC_027399.1
NC_005859.1	NC_005859.1
NC_105115.1	NC_105115.1
NC_001526.4	NC_001526.4
NC_134264.1	NC_134264.1
NC_108593.1	NC_108593.1
NC_111671.1	NC_111671.1
NC_129838.1	NC_129838.1
NC_104949.1	NC_104949.1
NC_103785.1	NC_103785.1
NC_093713.1	NC_093713.1
NC_117242.1	NC_117242.1
NC_117061.1	NC_117061.1
NC_135462.1	NC_135462.1
NC_133254.1	NC_133254.1
NC_007550.1	NC_007550.1
NC_007551.1	NC_007551.1
NC_005235.1	NC_005235.1
NC_077667.1	NC_077667.1
NC_109808.1	NC_109808.1
NC_106835.1	NC_106835.1
NC_106232.1	NC_106232.1
NC_107026.1	NC_107026.1
NC_109869.1	NC_109869.1
NC_135652.1	NC_135652.1
NC_135682.1	NC_135682.1
NC_135686.1	NC_135686.1
NC_135687.1	NC_135687.1
NC_100129.1	NC_100129.1
NC_135468.1	NC_135468.1
NC_135470.1	NC_135470.1
NC_115889.1	NC_115889.1
NC_096949.1	NC_096949.1
NC_116642.1	NC_116642.1
NC_075434.1	NC_075434.1
NC_129370.1	NC_129370.1
NC_137448.1	NC_137448.1
NC_115838.1	NC_115838.1
NC_137450.1	NC_137450.1
NC_115621.1	NC_115621.1
NC_137525.1	NC_137525.1
NC_115651.1	NC_115651.1
NC_138320.1	NC_138320.1
NC_138333.1	NC_138333.1
NC_138392.1	NC_138392.1
NC_138394.1	NC_138394.1
NC_138399.1	NC_138399.1
NC_094196.1	NC_094196.1
NC_138401.1	NC_138401.1
NC_138403.1	NC_138403.1
NC_138465.1	NC_138465.1
NC_138469.1	NC_138469.1
NC_138478.1	NC_138478.1
NC_116322.1	NC_116322.1
NC_138487.1	NC_138487.1
NC_138494.1	NC_138494.1
NC_104627.1	NC_104627.1
NC_135602.1	NC_135602.1
NC_135604.1	NC_135604.1
NC_135608.1	NC_135608.1
NC_135609.1	NC_135609.1
NC_135610.1	NC_135610.1
NC_139133.1	NC_139133.1
NC_139135.1	NC_139135.1
NC_116689.1	NC_116689.1
NC_139139.1	NC_139139.1
